[
    {
        "id": "bsm",
        "text": "A-3PM Instituts de Formation en Masso-Kinésithérapie"
    },
    {
        "id": "anm",
        "text": "Académie nationale de médecine"
    },
    {
        "id": "ans",
        "text": "Agence Nationale de Sécurité des Médicaments et des produits de santé (ANSM )"
    },
    {
        "id": "afs",
        "text": "Agence nationale de sécurité sanitaire de l'alimentation, de l'environnement et du travail (ANSES)"
    },
    {
        "id": "aco",
        "text": "Agrocampus Ouest"
    },
    {
        "id": "apt",
        "text": "AgroParisTech"
    },
    {
        "id": "sad",
        "text": "Agrosup Dijon"
    },
    {
        "id": "sam",
        "text": "Arts et Métiers Paristech (ENSAM)"
    },
    {
        "id": "chm",
        "text": "Assistance publique - Hôpitaux de Marseille (APHM)"
    },
    {
        "id": "hpp",
        "text": "Assistance publique - Hôpitaux de Paris (APHP)"
    },
    {
        "id": "aud",
        "text": "Audencia Business School"
    },
    {
        "id": "rim",
        "text": "Bibliothèque Mathématiques-Informatique Recherche (MIR)"
    },
    {
        "id": "bnf",
        "text": "Bibliothèque nationale de France (BNF)"
    },
    {
        "id": "bnu",
        "text": "Bibliothèque nationale et universitaire de Strasbourg (BNUS)"
    },
    {
        "id": "bim",
        "text": "BIU Montpellier"
    },
    {
        "id": "boi",
        "text": "Bordeaux INP"
    },
    {
        "id": "etb",
        "text": "Bordeaux Sciences Agro (ex ENITA Bordeaux)"
    },
    {
        "id": "rgm",
        "text": "Bureau de recherches géologiques et minières (BRGM)"
    },
    {
        "id": "csu",
        "text": "Centrale Supelec"
    },
    {
        "id": "cer",
        "text": "Centre d'études et d'expertise sur les risques, l'environnement, la mobilité et l'aménagement (Cerema)"
    },
    {
        "id": "cir",
        "text": "Centre de coopération internationale en recherche agronomique pour le développement (CIRAD)"
    },
    {
        "id": "cay",
        "text": "Centre hospitalier de Cayenne Andrée Rosemon"
    },
    {
        "id": "hro",
        "text": "Centre hospitalier régional d'Orléans (CHR d'Orléans)"
    },
    {
        "id": "chl",
        "text": "Centre hospitalier régional universitaire de Lille (CHRU de Lille)"
    },
    {
        "id": "can",
        "text": "Centre hospitalier universitaire d'Angers"
    },
    {
        "id": "chc",
        "text": "Centre Hospitalier Universitaire de Clermont-Ferrand"
    },
    {
        "id": "hum",
        "text": "Centre Hospitalier universitaire de Montpellier (CHU Montpellier)"
    },
    {
        "id": "chd",
        "text": "Centre hospitalier universitaire de Nantes - Hotel Dieu"
    },
    {
        "id": "hun",
        "text": "Centre hospitalier universitaire de Nice (CHU Nice)"
    },
    {
        "id": "cni",
        "text": "Centre Hospitalier Universitaire de Nîmes (CHU Nîmes)"
    },
    {
        "id": "hua",
        "text": "Centre hospitalier universitaire de Pointe-à-Pitre Abymes (CHU Pointe-à-Pitre)"
    },
    {
        "id": "cup",
        "text": "Centre hospitalier universitaire de Poitiers"
    },
    {
        "id": "cre",
        "text": "Centre hospitalier universitaire de Reims"
    },
    {
        "id": "chr",
        "text": "Centre Hospitalier Universitaire de Rennes (CHU de Rennes)"
    },
    {
        "id": "cse",
        "text": "Centre Hospitalier Universitaire de Saint-Etienne (CHU de Saint-Etienne)"
    },
    {
        "id": "cut",
        "text": "Centre hospitalier universitaire de Toulouse"
    },
    {
        "id": "cht",
        "text": "Centre hospitalier universitaire de Tours"
    },
    {
        "id": "cnr",
        "text": "Centre national de la recherche scientifique (CNRS)"
    },
    {
        "id": "cst",
        "text": "Centre scientifique et technique du bâtiment (CSTB)"
    },
    {
        "id": "scp",
        "text": "Chimie ParisTech (ex Ecole Nationale Supérieure de Chimie de Paris)"
    },
    {
        "id": "rec",
        "text": "CHU Sud-Réunion"
    },
    {
        "id": "cea",
        "text": "Commissariat à l'énergie atomique (CEA)"
    },
    {
        "id": "psl",
        "text": "COMUE - Paris Sciences et Lettres (PSL)"
    },
    {
        "id": "ubl",
        "text": "COMUE - Université Bretagne Loire"
    },
    {
        "id": "cna",
        "text": "Conservatoire national des arts et métiers (CNAM)"
    },
    {
        "id": "cas",
        "text": "ECAM Strasbourg"
    },
    {
        "id": "ecl",
        "text": "Ecole centrale de Lyon"
    },
    {
        "id": "ecm",
        "text": "Ecole centrale de Marseille"
    },
    {
        "id": "ecn",
        "text": "Ecole centrale de Nantes"
    },
    {
        "id": "ecp",
        "text": "Ecole Centrale de Paris"
    },
    {
        "id": "ebi",
        "text": "Ecole de biologie industrielle"
    },
    {
        "id": "hec",
        "text": "Ecole des Hautes Etudes Commerciales de Paris (HEC)"
    },
    {
        "id": "nsp",
        "text": "Ecole des hautes études en santé publique (EHESP)"
    },
    {
        "id": "mal",
        "text": "Ecole des Mines d'Albi-Carmaux (EMAC)"
    },
    {
        "id": "mia",
        "text": "Ecole des Mines d'Alès (EM Alès)"
    },
    {
        "id": "mse",
        "text": "Ecole des Mines de Saint-Etienne (EMSE)"
    },
    {
        "id": "ise",
        "text": "Ecole nationale d'ingénieurs de Saint-Etienne"
    },
    {
        "id": "evl",
        "text": "École nationale d'ingénieurs du Val de Loire (ENIVL)"
    },
    {
        "id": "nac",
        "text": "Ecole nationale de l'aviation civile (ENAC)"
    },
    {
        "id": "sts",
        "text": "Ecole Nationale de la Statistique et de Administration Economique (ENSAE ParisTech)"
    },
    {
        "id": "epc",
        "text": "Ecole nationale des Ponts et Chaussées (Ponts ParisTech - ENPC)"
    },
    {
        "id": "tpe",
        "text": "Ecole nationale des Travaux publics de l'Etat (ENTPE )"
    },
    {
        "id": "eaf",
        "text": "Ecole nationale supérieure d'architecture de Clermont-Ferrand"
    },
    {
        "id": "eag",
        "text": "Ecole nationale supérieure d'architecture de Grenoble"
    },
    {
        "id": "eay",
        "text": "Ecole nationale supérieure d'architecture de Lyon"
    },
    {
        "id": "ear",
        "text": "Ecole nationale supérieure d'architecture de Marseille"
    },
    {
        "id": "etn",
        "text": "Ecole nationale supérieure d'architecture de Nancy"
    },
    {
        "id": "apb",
        "text": "Ecole nationale supérieure d'architecture de Paris-Belleville"
    },
    {
        "id": "ert",
        "text": "Ecole nationale supérieure d'architecture de Toulouse"
    },
    {
        "id": "ebo",
        "text": "Ecole nationale supérieure d'ingénieurs de Bourges"
    },
    {
        "id": "eab",
        "text": "Ecole nationale supérieure d’art de Bourges"
    },
    {
        "id": "sii",
        "text": "Ecole nationale supérieure d’informatique pour l’industrie et l’entreprise (ENSIIE),"
    },
    {
        "id": "npb",
        "text": "Ecole nationale supérieure de la nature et du paysage de Blois (ENSNPB)"
    },
    {
        "id": "arn",
        "text": "Ecole Nationale Supérieure de la Nature et du Paysage de Nantes"
    },
    {
        "id": "stb",
        "text": "Ecole nationale supérieure de techniques avancées - Bretagne (ENSTA Bretagne)"
    },
    {
        "id": "sta",
        "text": "Ecole nationale supérieure de techniques avancées (ENSTA ParisTech)"
    },
    {
        "id": "ent",
        "text": "Ecole nationale supérieure des arts et industries textiles (ENSAIT)"
    },
    {
        "id": "mpt",
        "text": "Ecole nationale supérieure des Mines de Paris (Mines ParisTech)"
    },
    {
        "id": "sib",
        "text": "Ecole nationale supérieure des sciences de l'information et des bibliothèques (ENSSIB)"
    },
    {
        "id": "nva",
        "text": "Ecole nationale vétérinaire d'Alfort"
    },
    {
        "id": "nvt",
        "text": "Ecole nationale vétérinaire de Toulouse (ENVT)"
    },
    {
        "id": "ely",
        "text": "Ecole normale supérieure de Lyon (ENS Lyon)"
    },
    {
        "id": "ens",
        "text": "Ecole normale supérieure de Paris (ENS)"
    },
    {
        "id": "eca",
        "text": "Ecole normale supérieure Paris-Saclay (ENS Cachan)"
    },
    {
        "id": "epo",
        "text": "Ecole polytechnique"
    },
    {
        "id": "lfi",
        "text": "Ecole polytechnique féminine (EPF)"
    },
    {
        "id": "mrp",
        "text": "Ecole spéciale des travaux publics du bâtiment et de l'industrie (ESTP)"
    },
    {
        "id": "dlf",
        "text": "Ecole supérieure angevine d'informatique et de productique (ESAIP)"
    },
    {
        "id": "sup",
        "text": "Ecole Supérieure d'Electricité - SUPELEC"
    },
    {
        "id": "esi",
        "text": "Ecole Supérieure d'Informatique Electronique Automatique (ESIEA)"
    },
    {
        "id": "tom",
        "text": "École Supérieure d'Ingénieur d'Agro-Développement International (ISTOM)"
    },
    {
        "id": "bxx",
        "text": "École supérieure d’ingénieurs et de techniciens pour l’agriculture"
    },
    {
        "id": "mpf",
        "text": "Ecole supérieure de commerce de Bretagne Brest"
    },
    {
        "id": "pci",
        "text": "Ecole supérieure de physique et de chimie industrielles (ESPCI)"
    },
    {
        "id": "sca",
        "text": "École supérieure des sciences commerciales d'Angers (ESSCA)"
    },
    {
        "id": "sec",
        "text": "Ecole supérieure des sciences économiques et commerciales (ESSEC)"
    },
    {
        "id": "glu",
        "text": "Ecole supérieure du commerce extérieur de Paris (ESCE Paris)"
    },
    {
        "id": "eml",
        "text": "EM LYON Business School"
    },
    {
        "id": "aaa",
        "text": "EPMI Cergy-Pontoise (Groupe ECAM)"
    },
    {
        "id": "cem",
        "text": "ESCEM Ecole de management"
    },
    {
        "id": "eim",
        "text": "ESIEE Management"
    },
    {
        "id": "iee",
        "text": "ESIEE Paris"
    },
    {
        "id": "gen",
        "text": "Genopole"
    },
    {
        "id": "emg",
        "text": "Grenoble Ecole de Management (GEM-EESC)"
    },
    {
        "id": "mix",
        "text": "Groupe des écoles des mines (GEM)"
    },
    {
        "id": "ena",
        "text": "Groupe des Ecoles Nationales d'Economie et Statistique (GENES-ENSAI)"
    },
    {
        "id": "enx",
        "text": "Groupe ENI"
    },
    {
        "id": "esa",
        "text": "Groupe ESA - Ecole supérieure d'agriculture d'Angers"
    },
    {
        "id": "roy",
        "text": "Groupe ESC Troyes"
    },
    {
        "id": "chh",
        "text": "Groupe hospitalier du Havre"
    },
    {
        "id": "inx",
        "text": "Groupe INSEEC"
    },
    {
        "id": "bba",
        "text": "Hôpitaux universitaires de Strasbourg (HUS)"
    },
    {
        "id": "hul",
        "text": "Hospices civils de Lyon"
    },
    {
        "id": "ien",
        "text": "IFP Énergies nouvelles (IFPEN)"
    },
    {
        "id": "imt",
        "text": "IMT Atlantique Bretagne - Pays de la Loire"
    },
    {
        "id": "mdo",
        "text": "IMT Lille-Douai (École Mines-Télécom - IMT Lille-Douai)"
    },
    {
        "id": "arm",
        "text": "Ingénieur des études et techniques de l'armement (IETA)"
    },
    {
        "id": "ead",
        "text": "INSEAD"
    },
    {
        "id": "fsp",
        "text": "Institut d'Etudes Politiques de Paris (Sciences Po Paris)"
    },
    {
        "id": "rsn",
        "text": "Institut de Radioprotection et de Sûreté Nucléaire (IRSN)"
    },
    {
        "id": "tea",
        "text": "Institut de Recherche en Sciences et Technologies pour l'Environnement et l'Agriculture (IRSTEA)"
    },
    {
        "id": "nrs",
        "text": "Institut de recherche et de sécurité pour la prévention des accidents du travail et des maladies professionnelles (INRS)"
    },
    {
        "id": "ird",
        "text": "Institut de Recherche pour le Développement (IRD)"
    },
    {
        "id": "hsc",
        "text": "Institut des hautes études scientifiques (IHES)"
    },
    {
        "id": "bpe",
        "text": "Institut français de la mode (IFM)"
    },
    {
        "id": "mer",
        "text": "Institut Français de Recherche pour l'Exploitation de la Mer (IFREMER)"
    },
    {
        "id": "tar",
        "text": "Institut Français des Sciences et Technologies des Transports, de l’aménagement et des Réseaux (IFSTTAR)"
    },
    {
        "id": "dex",
        "text": "Institut international du commerce et du développement de Paris (ICD Paris)"
    },
    {
        "id": "ris",
        "text": "Institut National de l'Environnement Industriel et des Risques (INERIS)"
    },
    {
        "id": "ign",
        "text": "Institut national de l'information géographique et forestière (IGN)"
    },
    {
        "id": "nra",
        "text": "Institut National de la Recherche Agronomique (INRA)"
    },
    {
        "id": "erm",
        "text": "Institut National de la Santé et de la Recherche Médicale (INSERM)"
    },
    {
        "id": "iaf",
        "text": "Institut National de Recherche en Informatique et en Automatique (INRIA)"
    },
    {
        "id": "bou",
        "text": "Institut National des Sciences Appliquées Centre Val de Loire (INSA Centre Val de Loire)"
    },
    {
        "id": "sal",
        "text": "Institut National des Sciences Appliquées de Lyon (INSA Lyon)"
    },
    {
        "id": "sar",
        "text": "Institut National des Sciences Appliquées de Rennes (INSA Rennes)"
    },
    {
        "id": "sao",
        "text": "Institut National des Sciences Appliquées de Rouen (INSA Rouen)"
    },
    {
        "id": "sas",
        "text": "Institut National des Sciences Appliquées de Strasbourg (INSA Strasbourg)"
    },
    {
        "id": "sat",
        "text": "Institut National des Sciences Appliquées de Toulouse (INSA Toulouse)"
    },
    {
        "id": "pto",
        "text": "Institut national polytechnique de Toulouse (INPT)"
    },
    {
        "id": "jfc",
        "text": "Institut national universitaire Champollion (CUFR Albi)"
    },
    {
        "id": "ipc",
        "text": "Institut Paoli Calmettes"
    },
    {
        "id": "pas",
        "text": "Institut Pasteur"
    },
    {
        "id": "sab",
        "text": "Institut Polytechnique LaSalle Beauvais - ESITPA"
    },
    {
        "id": "isc",
        "text": "Institut Supérieur de Commerce (ISC Paris)"
    },
    {
        "id": "aee",
        "text": "Institut Supérieur de l'Aéronautique et de l'Espace (ISAE-SUPAERO)"
    },
    {
        "id": "sum",
        "text": "Institut supérieur de mécanique de Paris (SupMeca)"
    },
    {
        "id": "isi",
        "text": "Institut supérieur international du parfum, de la cosmétique et de l'aromatique alimentaire (ISIPCA)"
    },
    {
        "id": "ill",
        "text": "Joint ILL-ESRF Library (Institut Max von Laue-Paul Langevin)"
    },
    {
        "id": "lpc",
        "text": "Laboratoire central des ponts et chaussées"
    },
    {
        "id": "lne",
        "text": "Laboratoire National de Métrologie et d'Essais (LNE)"
    },
    {
        "id": "msa",
        "text": "Montpellier SupAgro"
    },
    {
        "id": "nhn",
        "text": "Muséum National d'Histoire Naturelle (MNHN)"
    },
    {
        "id": "obm",
        "text": "Observatoire de Paris-Meudon (OBSPM)"
    },
    {
        "id": "era",
        "text": "Office National d'Etudes et de Recherches Aérospatiales (ONERA)- The French Aerospace Lab"
    },
    {
        "id": "nvn",
        "text": "ONIRIS -Ecole Nationale Vétérinaire, Agroalimentaire et de l'Alimentation Nantes Atlantique (ONIRIS)"
    },
    {
        "id": "ocd",
        "text": "Organisation de Coopération et de Développement Economiques (OCDE)"
    },
    {
        "id": "plv",
        "text": "Pôle universitaire Léonard de Vinci"
    },
    {
        "id": "ssa",
        "text": "Service de santé des Armées"
    },
    {
        "id": "ske",
        "text": "SKEMA Business School"
    },
    {
        "id": "sbu",
        "text": "Sorbonne Université"
    },
    {
        "id": "tpt",
        "text": "Télécom ParisTech"
    },
    {
        "id": "tsp",
        "text": "Télécom SudParis & Télécom Ecole de Management"
    },
    {
        "id": "ucr",
        "text": "Unicancer"
    },
    {
        "id": "lax",
        "text": "UniLaSalle Rouen"
    },
    {
        "id": "ucl",
        "text": "Université catholique de Lille (UCL)"
    },
    {
        "id": "ly1",
        "text": "Université Claude Bernard (Lyon I)"
    },
    {
        "id": "ucf",
        "text": "Université Clermont-Auvergne (UCA)"
    },
    {
        "id": "axm",
        "text": "Université d'Aix-Marseille"
    },
    {
        "id": "uan",
        "text": "Université d'Angers"
    },
    {
        "id": "uar",
        "text": "Université d'Artois"
    },
    {
        "id": "uav",
        "text": "Université d'Avignon et des Pays de Vaucluse"
    },
    {
        "id": "uev",
        "text": "Université d'Evry-Val-d'Essonne"
    },
    {
        "id": "uor",
        "text": "Université d'Orléans"
    },
    {
        "id": "bor",
        "text": "Université de Bordeaux"
    },
    {
        "id": "ub1",
        "text": "Université de Bordeaux I"
    },
    {
        "id": "ub2",
        "text": "Université de Bordeaux II Victor Ségalen"
    },
    {
        "id": "ub4",
        "text": "Université de Bordeaux IV Montesquieu"
    },
    {
        "id": "udi",
        "text": "Université de Bourgogne"
    },
    {
        "id": "ubo",
        "text": "Université de Bretagne occidentale (UBO)"
    },
    {
        "id": "ubs",
        "text": "Université de Bretagne-Sud (UBS)"
    },
    {
        "id": "uca",
        "text": "Université de Caen Basse-Normandie"
    },
    {
        "id": "cpo",
        "text": "Université de Cergy-Pontoise"
    },
    {
        "id": "uco",
        "text": "Université de Corse Pasquale Paoli"
    },
    {
        "id": "ufc",
        "text": "Université de Franche-Comté"
    },
    {
        "id": "mul",
        "text": "Université de Haute-Alsace"
    },
    {
        "id": "guy",
        "text": "Université de la Guyane"
    },
    {
        "id": "unc",
        "text": "Université de la Nouvelle-Calédonie"
    },
    {
        "id": "ufp",
        "text": "Université de la Polynésie Française - Tahiti"
    },
    {
        "id": "ure",
        "text": "Université de La Réunion"
    },
    {
        "id": "uro",
        "text": "Université de La Rochelle"
    },
    {
        "id": "li0",
        "text": "Université de Lille"
    },
    {
        "id": "li1",
        "text": "Université de Lille I Sciences et technologies"
    },
    {
        "id": "li2",
        "text": "Université de Lille II Droit et Santé"
    },
    {
        "id": "li3",
        "text": "Université de Lille III Sciences humaines et sociales"
    },
    {
        "id": "lim",
        "text": "Université de Limoges (UNILIM)"
    },
    {
        "id": "udl",
        "text": "Université de Lorraine"
    },
    {
        "id": "mon",
        "text": "Université de Montpellier"
    },
    {
        "id": "nan",
        "text": "Université de Nantes"
    },
    {
        "id": "nsa",
        "text": "Université de Nice Sophia Antipolis (UNICE)"
    },
    {
        "id": "uni",
        "text": "Université de Nîmes (UNIMES)"
    },
    {
        "id": "p10",
        "text": "Université de Paris Ouest Nanterre La Défense (Paris X)"
    },
    {
        "id": "p13",
        "text": "Université de Paris XIII Paris Nord"
    },
    {
        "id": "pau",
        "text": "Université de Pau et des Pays de l'Adour"
    },
    {
        "id": "per",
        "text": "Université de Perpignan Via Domitia"
    },
    {
        "id": "ujv",
        "text": "Université de Picardie Jules Verne"
    },
    {
        "id": "upo",
        "text": "Université de Poitiers"
    },
    {
        "id": "rei",
        "text": "Université de Reims Champagne-Ardenne"
    },
    {
        "id": "ur1",
        "text": "Université de Rennes I"
    },
    {
        "id": "ur2",
        "text": "Université de Rennes II Haute-Bretagne"
    },
    {
        "id": "rou",
        "text": "Université de Rouen"
    },
    {
        "id": "sav",
        "text": "Université de Savoie"
    },
    {
        "id": "str",
        "text": "Université de Strasbourg (UNISTRA)"
    },
    {
        "id": "tbm",
        "text": "Université de technologie de Belfort-Montbéliard (UTBM)"
    },
    {
        "id": "utc",
        "text": "Université de technologie de Compiègne"
    },
    {
        "id": "tro",
        "text": "Université de technologie de Troyes"
    },
    {
        "id": "tov",
        "text": "Université de Toulon"
    },
    {
        "id": "ut1",
        "text": "Université de Toulouse I Capitole"
    },
    {
        "id": "ut2",
        "text": "Université de Toulouse Jean Jaurès (Toulouse II)"
    },
    {
        "id": "uvh",
        "text": "Université de Valenciennes et du Hainaut-Cambrésis"
    },
    {
        "id": "vsq",
        "text": "Université de Versailles St Quentin en Yvelines (UVSQ )"
    },
    {
        "id": "uat",
        "text": "Université des Antilles"
    },
    {
        "id": "uag",
        "text": "Université des Antilles et de la Guyane"
    },
    {
        "id": "hav",
        "text": "Université du Havre"
    },
    {
        "id": "lco",
        "text": "Université du Littoral Côte d'Opale (ULCO)"
    },
    {
        "id": "uma",
        "text": "Université du Maine"
    },
    {
        "id": "uto",
        "text": "Université François Rabelais (Tours)"
    },
    {
        "id": "uga",
        "text": "Université Grenoble Alpes"
    },
    {
        "id": "ste",
        "text": "Université Jean Monnet Saint-Etienne"
    },
    {
        "id": "ly3",
        "text": "Université Jean Moulin (Lyon III)"
    },
    {
        "id": "ugr",
        "text": "Université Joseph Fourier (Grenoble I)"
    },
    {
        "id": "ly2",
        "text": "Université Louis Lumière (Lyon II)"
    },
    {
        "id": "up1",
        "text": "Université Panthéon-Sorbonne (Paris I)"
    },
    {
        "id": "upd",
        "text": "Université Paris Descartes (Paris V)"
    },
    {
        "id": "did",
        "text": "Université Paris Diderot (Paris VII)"
    },
    {
        "id": "mlv",
        "text": "Université Paris Est Marne-la-Vallée (UPEM)"
    },
    {
        "id": "p11",
        "text": "Université Paris Sud (Paris XI) (PSUD)"
    },
    {
        "id": "up9",
        "text": "Université Paris-Dauphine (Paris IX)"
    },
    {
        "id": "p12",
        "text": "Université Paris-Est Créteil Val de Marne (Paris XII) (UPEC)"
    },
    {
        "id": "ups",
        "text": "Université Paul Sabatier (Toulouse III )"
    },
    {
        "id": "mo3",
        "text": "Université Paul Valéry (Montpellier III)"
    },
    {
        "id": "up6",
        "text": "Université Pierre et Marie Curie (Paris VI) (UPMC)"
    },
    {
        "id": "up3",
        "text": "Université Sorbonne Nouvelle (Paris III)"
    },
    {
        "id": "up8",
        "text": "Université Vincennes-Saint Denis (Paris VIII)"
    },
    {
        "id": "vas",
        "text": "VetAgro Sup"
    }
]